GymnastID,Name,Team
33319,Anna Bacott,Air Force
33320,Alyssa Bigler,Air Force
32650,Chelsea Boyer,Air Force
32180,Kylee Greene,Air Force
32181,Gabriella Hartley,Air Force
33324,Anna Kristianson,Air Force
33325,Elizabeth Lassila,Air Force
33741,Erin McDermott,Air Force
33328,Nhi Nguyen,Air Force
32646,Olivia Raife,Air Force
33329,Hailey Santana,Air Force
32645,Maggie Slife,Air Force
32644,Clara Wallace,Air Force
32185,Sarah Willis,Air Force
33412,Jasmine Cawley,Alabama
32923,Ryan Fuller,Alabama
31795,Gabby Gladieux,Alabama
32924,Kylee Kvamme,Alabama
32306,Chloe LaCoursiere,Alabama
32307,Gabby Ladanyi,Alabama
33413,Noella Marshall,Alabama
33414,McKenzie Matters,Alabama
31248,Jordyn Paradise,Alabama
32004,Natalia Pawlak,Alabama
33415,Azaraya Ra-Akbar,Alabama
31799,Rachel Rybicki,Alabama
32308,Jamison Sears,Alabama
32926,Paityn Walker,Alabama
32927,Maribelle Albert,Alaska
31801,Ariana DeSouza,Alaska
32376,Jamilia Duffus,Alaska
31802,Madelyn Gomez,Alaska
32929,Jordan Grindol,Alaska
32310,Maria Jose Prieto,Alaska
33418,Alexandra Karkowski,Alaska
32311,Claudia Lessig,Alaska
32313,Jada Niles,Alaska
33420,Tessa Richardson,Alaska
33421,Hannah Rojo,Alaska
31806,Breeann Spain,Alaska
32314,Avery Tillmanns,Alaska
32933,Verena Wong,Alaska
33424,Riley Carman,Arizona
32315,Sophie Derr,Arizona
32316,Ainsley Greever,Arizona
32935,Jessa Janicke,Arizona
32936,Aubrey Krohnfeldt,Arizona
31254,Elizabeth LaRusso,Arizona
31807,Gianna Lenczner,Arizona
32318,Sophia Maisel,Arizona
32319,Abigayle Martin,Arizona
33425,Delaney Mead,Arizona
33426,Hillary Puleo,Arizona
32946,Sadie Smith,Arizona
31810,Emma Strom,Arizona
32939,Teagan White,Arizona
32320,Tirzah Wise,Arizona
32940,Halle Braaflat,Arizona State
33858,Kylee Bromley,Arizona State
33429,Safia El Mammann,Arizona State
32321,Halle Gregoire,Arizona State
32683,Reese Grolla,Arizona State
33430,Delanie Kelly,Arizona State
31812,Isabella Kowan,Arizona State
32941,Nina Laurito,Arizona State
31813,Kayla Lee,Arizona State
33432,Adele Ossi,Arizona State
32942,Tiara Platkin,Arizona State
32322,Lilia Purler,Arizona State
33433,Jessica Rosenberg,Arizona State
31815,Kimberly Smith,Arizona State
33434,Robyn Wilson,Arizona State
33437,Avalon Campbell,Arkansas
33438,Allison Cucci,Arkansas
33156,Madison Gustitus,Arkansas
32327,Hailey Klein,Arkansas
32944,Ja'Leigh Lang,Arkansas
32328,Priscilla Park,Arkansas
31886,Morgan Price,Arkansas
31259,Frankie Price,Arkansas
32945,Joscelyn Roberson,Arkansas
31261,Leah Smith,Arkansas
31822,Cally Swaney,Arkansas
31258,Cami Weaver,Arkansas
31823,Lauren Williams,Arkansas
32949,Olivia Ahern,Auburn
32329,Bryn Bartman,Auburn
32950,Sophia Bell,Auburn
33441,Charlotte Booth,Auburn
32330,Emma Grace Boyd,Auburn
31816,Olivia Greaves,Auburn
31817,Hannah Hagle,Auburn
32333,Julianne Huff,Auburn
32576,Alex Irvine,Auburn
32951,Katelyn Jong,Auburn
33443,Mia Leverton,Auburn
32952,Marissa Neal,Auburn
33445,Brynn Torry,Auburn
32096,Emma Wehry,Auburn
32334,Jersie Woolsey,Auburn
32335,Paige Zancan,Auburn
33446,Kinlee Bare,Ball State
32243,Mary Rose Bellan,Ball State
32953,Viviana Campuzano,Ball State
32662,Lindsay Fuller,Ball State
32663,Lindsay Girard,Ball State
32954,Avery Kantor,Ball State
32664,Delaney McMahon,Ball State
32956,Karli Mercer,Ball State
31827,Zoe Middleton,Ball State
32665,Ava Molina,Ball State
32957,Jordanna Phillis,Ball State
31828,Alauna Simms,Ball State
33448,Carley Stalder,Ball State
32959,Grace Suchecki,Ball State
32666,Ashley Szymanski,Ball State
33449,Ava Thurston,Ball State
32960,Noelle Ball,Boise State
32336,Carly Buell,Boise State
33451,Lexi Caffall,Boise State
33452,Isabella Delarosa,Boise State
31833,Anna Ferguson,Boise State
31834,Kylee Hamby,Boise State
32961,Bridget Kemp,Boise State
31835,Sydney Kho,Boise State
32337,Julia Krzywanski,Boise State
31836,Sydney Leitch,Boise State
31837,Brantley Lucas,Boise State
33454,Miraya Nero,Boise State
31275,Blake Pascal,Boise State
32962,Delaney Reeves,Boise State
32963,Kristina Shchennikova,Boise State
32340,Mahleea Werline,Boise State
33455,Sydnie Whipple,Boise State
31320,Cassie Bergin,Bowling Green
31840,Charniya Brown,Bowling Green
31842,Madison Coburn,Bowling Green
32342,Faye Dubin,Bowling Green
32343,Megan Dzialo,Bowling Green
32964,Emily Gianfrancesco,Bowling Green
33456,Natasha Lopez,Bowling Green
32344,Teegan Milligan,Bowling Green
32345,Nadia Parente,Bowling Green
32965,Kayla Shaw,Bowling Green
33458,Addie Tandeski,Bowling Green
32346,Keira Thornton,Bowling Green
33406,Landyn Williams,Bowling Green
33087,Taylor Wurtz,Bowling Green
31846,Sophia Dewar,Brown
31847,Umi El Mammann,Brown
32971,Daisy Fallon,Brown
32348,Emily Ford,Brown
31848,Jessica Lin,Brown
31849,Liza Marcus,Brown
32972,Gianna Martoccia,Brown
32973,Gabby Mautner,Brown
32974,Maeve McIlroy,Brown
33466,Rehna Saalinger,Brown
33467,Lulu Ton-That,Brown
33468,Sophie Tressler,Brown
32350,Lindsay Van Eyk,Brown
32976,Addison Whiteside,Brown
32351,Lindsey Yang,Brown
32397,Alilah Alvarado,BYU
32399,Brynlee Andersen-Broekman,BYU
31855,Kylie Eaquinto,BYU
32978,Addilyn Glazier,BYU
32400,Chloee Hoke,BYU
32398,Ava Jorgensen,BYU
32404,Mya Kirkham,BYU
32981,Deb Silva,BYU
33476,Hazel Smith,BYU
33474,Scarlett Sonnenberg,BYU
32982,Daisy Stephenson,BYU
31860,Miki Aderinto,California
31861,Casey Brown,California
33244,CJ Keuneke,California
33859,Sarah Lee,California
32651,Kyen Mayhew,California
33245,Sage Melkonian,California
32652,Annalise Newman-Achee,California
33913,Tonya Paulsson,California
31295,Abbey Scanlon,California
32298,Jayden Silvers,California
33247,Mya Wiley,California
31863,Luciana Alvarado-Reid,Central Michigan
31301,Avah Bootz,Central Michigan
32694,Jenna Germond,Central Michigan
33486,Paige Hasling,Central Michigan
32695,Gabrielle Johnson,Central Michigan
31304,Lia Kmieciak,Central Michigan
33332,Heather Parker,Central Michigan
32697,Zoie Pelfrey,Central Michigan
33488,Alexandra Reddick,Central Michigan
33489,Ashlyn Richards,Central Michigan
33333,Kaitlyn Schwab,Central Michigan
32699,Samantha Shannon,Central Michigan
33334,Ava Wellmeier,Central Michigan
33335,Maylee Wendle,Central Michigan
33336,ZoÃ« Zimmerman,Central Michigan
32575,Paige Anastasi,Clemson
32738,Molly Arnold,Clemson
32742,Takoda Berry,Clemson
31292,Ella Cesario,Clemson
32727,Brie Clark,Clemson
32984,Hannah Clark,Clemson
32737,Maggie Holman,Clemson
32728,Eve Jackson,Clemson
32739,Quinn Kuhl,Clemson
32734,Lilly Lippeatt,Clemson
33491,Emma Malewski,Clemson
32736,Madison Minner,Clemson
32986,Tara Walsh,Clemson
31865,Mikayla Burton,Cornell
31867,Michaela DeFrancisco,Cornell
33498,Ella Fox,Cornell
32987,Sarah Goetter,Cornell
33493,Lauren Golioto,Cornell
32989,Dahlia Jhaveri,Cornell
32990,Anne MacKenzie,Cornell
33495,Grace McLean,Cornell
32355,Josie Moylan,Cornell
32356,Addy Rothstein,Cornell
32991,Ava Schenck-Davis,Cornell
31869,Morgen Shambo,Cornell
32992,Nora Sherman,Cornell
32357,Natalia Tehrani,Cornell
31870,Cami Whitaker,Cornell
33496,Noelle Wojcik,Cornell
32840,Autumn Adkins,Cortland State
32841,Rory Allan,Cortland State
33744,Emily Baradic,Cortland State
33745,Shyann Bootman,Cortland State
32843,Kyleigh Brown,Cortland State
33746,Olivia Chapman,Cortland State
33380,Anna Lee Dobson,Cortland State
32190,Rylee Fishkin,Cortland State
32191,Marisa Frascatore,Cortland State
33382,Tayah Graham,Cortland State
32848,Amy Hamilton,Cortland State
32849,Kathryn McSweeney,Cortland State
32850,Samantha Meadows,Cortland State
32194,Gianna Mirigliano,Cortland State
33749,Aria Roberts,Cortland State
32851,Alexa Rose Pahila,Cortland State
31976,Tessa Sutton,Cortland State
32853,Lexi Weber,Cortland State
32854,Kiana Wong,Cortland State
33499,Megan Aamold,Denver
33500,Shyla Bhatia,Denver
31871,Mila Brusch,Denver
31872,Cecilia Cooley,Denver
32358,Ashley Gallen,Denver
32993,Sophia Hampp,Denver
32359,Amanda Hargraves,Denver
33054,Addie Hewitt,Denver
33501,Sevana Kasparian,Denver
33502,Kaitlynd Kastl,Denver
32360,Maddison Reidenbach,Denver
31874,Kiley Rorich,Denver
33503,Terra Rutter,Denver
33504,Abby Steeley,Denver
32411,Abby Brushwood,Eastern Michigan
32405,Gwendelyn Cantu,Eastern Michigan
32406,Katin Childress,Eastern Michigan
32407,Genae Daniel,Eastern Michigan
33505,Savanna Dunwoody,Eastern Michigan
33354,Sanai Evans,Eastern Michigan
31875,Priya Karle,Eastern Michigan
33355,Keeley Kohler,Eastern Michigan
32476,Kendall Landry,Eastern Michigan
31877,Kyrie Lowe,Eastern Michigan
33356,Brianna Lucas,Eastern Michigan
33507,Macy Nihart,Eastern Michigan
32409,Jacquelyn Patterson,Eastern Michigan
33508,Georgia Slack,Eastern Michigan
33404,Analiah Solorio,Eastern Michigan
33358,Jaelyn Stetz,Eastern Michigan
32897,Allie Berkley,Fisk
31881,Zyia Coleman,Fisk
31882,Jordynn Cromartie,Fisk
33829,Hadassah Diggs,Fisk
33830,Kennedi Johnson,Fisk
31885,Liberty Mora,Fisk
32703,Sophia Pratt,Fisk
31887,Aliyah Reed-Hammon,Fisk
33831,Makia Rosado,Fisk
32705,Ciniah Rosby,Fisk
32901,Aiyana Thomas,Fisk
32412,Alyssa Arana,Florida
32994,Skye Blakely,Florida
33509,Jayla Booker,Florida
33385,Ly Bui,Florida
32996,Taylor Clark,Florida
32997,Kayla DiCello,Florida
32414,Gabby Disidore,Florida
33510,Amelia Disidore,Florida
33512,Skylar Draser,Florida
32416,Danie Ferris,Florida
31862,eMjae Frazier,Florida
32075,Selena Harris-Miranda,Florida
31327,Riley McCusker,Florida
32417,Anya Pilgrim,Florida
33513,Jocelyn Sasson,Florida
33514,Emma Garner,George Washington
32364,Brooke Izzo,George Washington
31895,Kylie Kazmierski,George Washington
31896,Nancy Kiner,George Washington
32998,Lola Montevago,George Washington
33515,Alison Mun,George Washington
31898,Catherine O'Rourke,George Washington
32363,Maya Peters,George Washington
32999,Zoe Safran,George Washington
31899,Deana Sheremeta,George Washington
33517,Aspen Tucker,George Washington
32362,Sophia Tyeryar,George Washington
33518,Alexia Zakaryan,George Washington
33002,Nyla Aquino,Georgia
33004,Csenge Bacskay,Georgia
32366,Jaydah Battle,Georgia
33006,Brooke Gleichowski,Georgia
33519,Avery Moll,Georgia
33520,Brooke Pierson,Georgia
33521,Autumn Reingold,Georgia
31906,Ja' Free Scott,Georgia
32370,Lily Smith,Georgia
32371,Holly Snyder,Georgia
33009,Harley Tomlin,Georgia
32372,Anya Turner,Georgia
32373,Ady Wahl,Georgia
31907,Eryn Williams,Georgia
33861,CaMarah Williams,Georgia
33522,Kelise Woolford,Georgia
32885,Emma Brannon,Greenville
33368,Matilda Brougham,Greenville
32147,Madison Carter,Greenville
33832,Reese Clapper,Greenville
33311,Chris Cutler,Greenville
32886,Isabella Feltman,Greenville
32148,Madison Ford,Greenville
32149,Ellery Gilmer,Greenville
33833,Aubrey Kenimer,Greenville
33834,Laila Manley,Greenville
33836,Naima Murray,Greenville
32155,Amara Nelson,Greenville
32156,Reagan Rodriguez,Greenville
32751,Olivia Tocco,Greenville
33838,Izabella Yanis,Greenville
33839,Roya Zehtab,Greenville
33792,Makenna Aldrich,Gustavus Adolphus
33793,Cecilia Athie,Gustavus Adolphus
33794,Lacey Belcher,Gustavus Adolphus
33272,Kate Clairmont,Gustavus Adolphus
33273,Megan Gille,Gustavus Adolphus
33274,Rocio Madalena Gora,Gustavus Adolphus
33796,Taylor Hall,Gustavus Adolphus
33798,Jenna Huikko,Gustavus Adolphus
33275,Malia Narciso,Gustavus Adolphus
32256,Ella Nash,Gustavus Adolphus
33800,Zara Reboks,Gustavus Adolphus
33802,Mollie Ruch,Gustavus Adolphus
33276,Autumn Schmidt,Gustavus Adolphus
33277,Mariah Sikon,Gustavus Adolphus
33280,Cara Wong,Gustavus Adolphus
32808,Elena Bailey,Hamline
33750,Carly Banta,Hamline
33338,Katie Chai-Mulkerin,Hamline
33339,Zoey Danzinger,Hamline
33340,Maura Erickson,Hamline
33751,RyLe Foldhazi,Hamline
33752,Clara Gilles,Hamline
32197,Lizzie Green,Hamline
33754,Jozlynn Jansen,Hamline
32615,Anna Johnson,Hamline
32198,Hannah Lemon,Hamline
32621,Kaitlyn Morgan,Hamline
32618,Cailey Price,Hamline
31792,Lily Ramsdell,Hamline
32199,Laurel Raymond,Hamline
32200,Brooke Reardon,Hamline
33341,Ashley Savell,Hamline
32201,Annelise Smaby,Hamline
32202,Sydney Stoenner,Hamline
33342,Ava Walters,Hamline
32620,Emma Witterstaetter,Hamline
32205,Catelyn Zack,Hamline
33523,Ava Banks,Illinois
33010,Kennedy Brown,Illinois
31914,Alea Byrne,Illinois
33011,Chloe Cho,Illinois
33524,Summer Clancy,Illinois
32423,Olivia Coppola,Illinois
32422,Destiny Denning,Illinois
33525,Skylar Ray Dixon,Illinois
33027,Rachel Goldstein,Illinois
33527,Piper Gow,Illinois
31915,Tali Joelson,Illinois
33528,Callie Kauffman,Illinois
33015,Eden King,Illinois
32419,Lyden Saltness,Illinois
33529,Hayden Seymour,Illinois
32855,Madyson Baucom,Illinois State
32682,Jada Beswick,Illinois State
31908,Leah Davis,Illinois State
31910,Mackenzie Flutman,Illinois State
33018,Abbey Harris,Illinois State
31348,Julia Heiner,Illinois State
33019,Audrey Hiatt,Illinois State
32124,Jaly Jones,Illinois State
33532,Jercy Koliego,Illinois State
32685,Ally Lau,Illinois State
33533,Mia LeBlanc,Illinois State
31911,Mia Oh,Illinois State
33020,Savannah Ray,Illinois State
33021,Sammie Wolff,Illinois State
31967,Courtney Woods,Illinois State
33535,Maggie Ball,Iowa
33536,Daisy Bowles,Iowa
31918,Hanna Castillo,Iowa
31919,Avery Chambers,Iowa
33537,Stella DePoala,Iowa
31920,Emily Erb,Iowa
33260,JerQuavia Henderson,Iowa
32425,Alyse Karenbauer,Iowa
31922,Gianna Masella,Iowa
31357,Marissa Rojas,Iowa
33538,Sophie Schriever,Iowa
33023,Aurelie Tran,Iowa
33024,Sydney Turner,Iowa
31388,Haley Tyson,Iowa
32426,Eva Volpe,Iowa
32428,Noelle Adams,Iowa State
33261,Kaia Bochow,Iowa State
33028,Aubree Guinee,Iowa State
32812,Chloe Hammond,Iowa State
33029,Haylee Hardin,Iowa State
31926,Madelyn Manternach,Iowa State
33541,Peyton Nock,Iowa State
32431,Lauren O'Brochta,Iowa State
33542,Ella Roberts,Iowa State
33543,Taylor Sanders,Iowa State
32433,Ella Schell,Iowa State
33545,Frederique Sgarbossa,Iowa State
33546,Kennedy Thomas,Iowa State
33547,Findley Weldon,Iowa State
32434,Paige Wills,Iowa State
32435,Nene Alvine,Kent State
33557,Taylor Archambeau,Kent State
33035,Sophia Balko,Kent State
32058,Charlie Behner,Kent State
33036,Jersey Bingman,Kent State
33037,Allie Call,Kent State
31931,Avery Compson,Kent State
32436,Dani Fuertez,Kent State
33039,Isabella Marques,Kent State
33558,Lana Mast,Kent State
32263,Mya Migliore,Kent State
32438,Ashley Morgan,Kent State
33040,Anika Most,Kent State
31932,Zoe Rankin,Kent State
32440,Gabby Riley,Kent State
31934,Nastia Rudnitskaya,Kent State
31935,Heidi Schultz,Kent State
33042,Chesney Bennett,Kentucky
32441,Creslyn Brose,Kentucky
33044,Anna Flynn Cashion,Kentucky
33200,Callie Gardner,Kentucky
33563,Cadence Gormley,Kentucky
33564,Addisyn Hofseth,Kentucky
32444,Sharon Lee,Kentucky
33568,Sabrina Nemcek,Kentucky
33045,Ryan Noonan,Kentucky
31845,Isabella Rivelli,Kentucky
32445,Cecily Rizo,Kentucky
32446,Delaynee Rodriguez,Kentucky
33567,Gabby Van Frayen,Kentucky
32447,Kady Bills-McCoy,LIU
31626,Brooke Burkhart,LIU
33281,Ellorie Cane,LIU
32837,Brisa Carraro,LIU
33282,Kaira Cartwright,LIU
33283,Zoe Claiborne,LIU
32448,Alina Danilchenko,LIU
32008,Renee Figueroa,LIU
32062,Angelina Hogan,LIU
32451,Danyella Holmes,LIU
33284,Carly Kliewer,LIU
33286,Camille Lund Rasmussen,LIU
31942,Annalisa Page,LIU
33405,Raphaelle Perreault,LIU
31943,Isabella Savino,LIU
33862,Eden Stippick,LIU
33569,Nina Ballou,LSU
30844,Courtney Blackson,LSU
33047,Kailin Chio,LSU
32452,Kylie Coen,LSU
31947,Ashley Cowan,LSU
32453,Amari Drayton,LSU
32084,Emily Innes,LSU
31793,Alexis Jeffrey,LSU
33048,Kaliya Lincoln,LSU
32454,Konnor McClain,LSU
33572,Haley Mustari,LSU
33050,Victoria Roberts,LSU
32361,Madison Ulrich,LSU
31285,Kathryn Weilbacher,LSU
33051,Lexi Zeiss,LSU
31839,Megan Bingham,Maryland
32460,Logan Buckmon,Maryland
33576,Emily DeFrees,Maryland
32569,Chelsey Dennis,Maryland
33053,Rayna Engelmayer,Maryland
31373,Josephine Kogler,Maryland
32163,Madeline Komoroski,Maryland
31283,Katrina Mendez-Abolnik,Maryland
33579,Syndey Mullen,Maryland
33085,Aine Reade,Maryland
32165,Taylor Rech,Maryland
32464,Gianna Ruffing,Maryland
33056,Sarah Saville,Maryland
30961,Carly Bauman,Michigan
32465,Kayli Boozer,Michigan
31949,Lily Clapper,Michigan
33057,Peyton Davis,Michigan
33058,Sophia Diaz,Michigan
30962,Reyna Guggino,Michigan
32466,Ava Jordan,Michigan
33585,Myli Lew,Michigan
33061,Sophie Parenti,Michigan
33062,Jahzara Ranger,Michigan
33063,Audrey Sanger,Michigan
33586,Quincy Walters,Michigan
32468,Kendall Abney,Michigan State
33587,Isabel Biro,Michigan State
33590,Lilia Cosman,Michigan State
33065,Cady Duplissis,Michigan State
32571,Retoshia Halsell,Michigan State
31902,Naya Howard,Michigan State
31954,Sage Kellerman,Michigan State
31957,Stephanie Lebster,Michigan State
33592,Korynne Marquart,Michigan State
32469,Emma Misenheimer,Michigan State
32470,Gabi Ortiz,Michigan State
31955,Nikki Smith,Michigan State
32471,Isabella Trostel,Michigan State
32472,MaKayla Tucker,Michigan State
31956,Olivia Zsarmani,Michigan State
33066,Teryn Crump,Minnesota
33593,Gianna Gerdes,Minnesota
32475,Leah Gonsiorowski,Minnesota
32477,Jordyn Lyden,Minnesota
31959,Sarah Moraw,Minnesota
33595,Isabella Nguyen,Minnesota
32478,Sophia Nguyen,Minnesota
33596,Arianna Ostrum,Minnesota
31386,Lauren Pearl,Minnesota
31960,Brooklyn Rowray,Minnesota
33597,Lacie Saltzmann,Minnesota
33599,Emma Slevin,Minnesota
31961,Megan Steensland,Minnesota
33070,Ava Stewart,Minnesota
32480,Sophie Swartzmiller,Minnesota
33073,Ayla Acevedo,Missouri
31390,Grace Anne Davis,Missouri
33600,Kimarra Echols,Missouri
31343,Makayla Green,Missouri
32482,Kennedy Griffin,Missouri
32483,Hannah Horton,Missouri
33074,Railey Jackson,Missouri
33075,Olivia Kelly,Missouri
31964,Addison Lawrence,Missouri
32484,Rayna Light,Missouri
31054,Lauren Macpherson,Missouri
33077,Kaia Tanskanen,Missouri
33602,Maiya Terry,Missouri
31512,Elise Tisler,Missouri
31434,Amy Wier,Missouri
32752,Reese Baechle,Nebraska
32622,Olivia Burns,Nebraska
31820,Allie Gard,Nebraska
33607,Karys Griffin,Nebraska
31970,Lauren Homecillo,Nebraska
32623,Whitney Jencks,Nebraska
32125,Nya Kraus,Nebraska
33609,Payton Pech,Nebraska
33080,Molly Peterson,Nebraska
33610,Tegan Shaver,Nebraska
32625,Isabel Sikon,Nebraska
32829,Zoe Arthur,New Hampshire
33081,Stacy Boss,New Hampshire
33083,Mady Harvey,New Hampshire
31974,Riley Himes,New Hampshire
33613,Amelia Lannon,New Hampshire
32831,McCall McMullen,New Hampshire
32832,Poulina Minaev,New Hampshire
31975,Leah Moreno,New Hampshire
31977,Serena Mullin,New Hampshire
33084,Peyton Novinger,New Hampshire
32833,Gwen Ockerbloom,New Hampshire
33616,Hannah Aoki,North Carolina
31979,Gwen Fink,North Carolina
31980,Kaya Forbes,North Carolina
32486,Elly King,North Carolina
32487,Neve King,North Carolina
32488,Jessica Naranjo,North Carolina
31981,Paige Prejean,North Carolina
32490,Camryn Rueda,North Carolina
33618,Sydney Seabrooks,North Carolina
33619,Anna Pearl Stanley,North Carolina
32296,Claire Stippich,North Carolina
33090,JoJo Valahovic,North Carolina
31983,Meg Adler,North Carolina State
33620,Emerson Fisk,North Carolina State
32627,Elle Hadrick,North Carolina State
32628,Maddie Hall,North Carolina State
32629,Katie Harper,North Carolina State
32630,Ashley Knight,North Carolina State
33091,Ava Myers,North Carolina State
33621,Autumn Rardin,North Carolina State
31987,Madeline Reid,North Carolina State
33094,Jenna Rusk,North Carolina State
33623,Adasyn Tackett,North Carolina State
33095,Syniya Thomas,North Carolina State
33096,Caroline Volk,North Carolina State
32631,Lauren Wright,North Carolina State
33625,Samantha Bartlett,Northern Illinois
33626,Deziray Boykin,Northern Illinois
33097,Audrey Brenner,Northern Illinois
33627,Makenna Brooks,Northern Illinois
32491,Mikayla Brown,Northern Illinois
32169,Jocelyn Harbeck,Northern Illinois
33100,Maria King,Northern Illinois
32887,Ashlie Leage,Northern Illinois
32172,Samantha Nickle,Northern Illinois
33629,Elizabeth Poncin,Northern Illinois
33630,Avery Riiff,Northern Illinois
32493,Isabella Ross,Northern Illinois
32494,Dawsyn Sallee,Northern Illinois
33631,Alanah Wallace,Northern Illinois
33101,Drake White,Northern Illinois
33804,Baylie Belman,Ohio State
33003,Sadie Jane Berry,Ohio State
32679,Samara Buchanan,Ohio State
33103,JJ Coleman,Ohio State
33104,Mary Green,Ohio State
31424,Kaitlyn Grimes,Ohio State
33105,Rylee Guevara,Ohio State
32261,Payton Harris,Ohio State
33805,Ava Jackson,Ohio State
32463,Natalie Martin,Ohio State
32677,Courtney McCann,Ohio State
32161,Kaylyn Mintz,Ohio State
33808,Jaylyn Pomager,Ohio State
32676,Maisyn Rader,Ohio State
33107,Karleigh Reutzel,Ohio State
33109,Cameron Smith,Ohio State
31427,Tory Vetter,Ohio State
32675,Grace Walker,Ohio State
33110,Elizabeth Blessey,Oklahoma
33633,Mackenzie Estep,Oklahoma
33111,Addison Fatta,Oklahoma
33112,Elle Mueller,Oklahoma
33634,Ella Murphy,Oklahoma
33635,Kamila Pawlak,Oklahoma
33113,Lily Pederson,Oklahoma
32713,Hannah Scheible,Oklahoma
33114,Kelsey Slade,Oklahoma
31989,Faith Torrez,Oklahoma
32715,Keira Wells,Oklahoma
32502,Olivia Buckner,Oregon State
32127,Francesca Caso,Oregon State
33863,Kaylee Cheek,Oregon State
33864,Kyanna Crabb,Oregon State
32501,Taylor DeVries,Oregon State
32500,Sophia Esposito,Oregon State
32499,Mia Heather,Oregon State
33117,Sophia Kaloudis,Oregon State
31440,Lauren Letzsch,Oregon State
33118,Reina Marchal,Oregon State
32129,Savannah Miller,Oregon State
33865,Camryn Richardson,Oregon State
33866,Katie Rude,Oregon State
33119,Paulina Vargas,Oregon State
32130,Ellie Weaver,Oregon State
33637,Kayla Bender,Penn State
33638,Ava Cash,Penn State
31991,Amani Herring,Penn State
31446,Jessica Johanson,Penn State
33120,Allison Kaempfer,Penn State
32503,Alyssa Kramer,Penn State
33121,Dani Latronica,Penn State
33122,Elizabeth Leary,Penn State
32504,Ashley Maul,Penn State
32505,Kalea McElligott,Penn State
33123,Bella Misiura,Penn State
33124,Ellie Monahan,Penn State
31992,Ava Piedrahita,Penn State
32506,Jordan Barrow,Pennsylvania
33127,Mimi Fletcher,Pennsylvania
33128,Manama Fofana,Pennsylvania
33129,Skylar Goodstadt,Pennsylvania
33644,Ava Hooten,Pennsylvania
31995,Marissa Lassiter,Pennsylvania
33055,Maggie Murphy,Pennsylvania
31996,Carly Oniki,Pennsylvania
32508,Sophia Paris,Pennsylvania
33645,Ananya Patanakul,Pennsylvania
31997,Alyssa Rosen,Pennsylvania
33130,Luci Toczydlowski,Pennsylvania
31998,Alisha Werlen,Pennsylvania
33646,Ruth Whaley,Pennsylvania
33131,Sienna Zuccaro,Pennsylvania
33137,Delaney Adrian,Rutgers
33138,Rachel Beaulieu,Rutgers
33139,Lisa Chevaire,Rutgers
32007,Gabrielle Dildy,Rutgers
32669,Campbell Earley,Rutgers
32670,Elliot Goldsmith,Rutgers
33653,Vivienne Larsen,Rutgers
31044,Emily Leese,Rutgers
32010,Valentina Lorente-Garcia,Rutgers
32672,Matis Rains,Rutgers
32673,Ginger Richards,Rutgers
32012,Rachael Riley,Rutgers
33141,Reagan Schenkel,Rutgers
33142,Kimmi Shiau,Rutgers
33143,Keeley Smith,Rutgers
33144,Donna Uhlenberg,Rutgers
32596,McKenna Carnesi,Sacramento State
33149,Chloe Cohen,Sacramento State
33150,Kaela Copeland,Sacramento State
33174,Emily Countryman,Sacramento State
33151,Kaitlyn Driessen,Sacramento State
33152,Lexi Frank,Sacramento State
33660,Cadence Gaumont,Sacramento State
33661,Kayla Herrera,Sacramento State
32017,Kara Houghton,Sacramento State
33153,Maliyah James,Sacramento State
32522,Athena Jones,Sacramento State
32523,Jillianne Lastra,Sacramento State
32014,Sarah Lutrel,Sacramento State
33662,Makayla Townsend,Sacramento State
32525,Rose Wilson,Sacramento State
32016,Rylin Zimmerman,Sacramento State
32526,Marissa Ashton,San Jose State
33665,Ava Johnson,San Jose State
33158,Kaviana Jurries,San Jose State
33666,Victoria Kisch,San Jose State
32512,Kaylee Larson,San Jose State
33667,Samantha Macasu,San Jose State
32527,Mia Nelson,San Jose State
33668,Sophie Patterson,San Jose State
33669,Genesis PeBenito,San Jose State
32020,Mikaela Pitts,San Jose State
32529,Olivia Reardon,San Jose State
32530,Devyn Valuch,San Jose State
32539,Elliot Bringhurst,Southern Utah
33670,Ariel Collum,Southern Utah
32541,Marisa de Groot,Southern Utah
32542,Maria Ferguson,Southern Utah
32543,Alyssa Fernandez,Southern Utah
32043,Trista Goodman,Southern Utah
33672,Berlin Hall,Southern Utah
33175,Mia Hampton,Southern Utah
32544,Mackenzie Kelly,Southern Utah
33869,Vinciane Le Pen,Southern Utah
32546,Carilia Martinez,Southern Utah
32547,Kendall McGuire,Southern Utah
32548,Rylee Miller,Southern Utah
33176,Emma Nipper,Southern Utah
33178,Sage Paladino,Southern Utah
32048,Kayla Pardue,Southern Utah
32549,Niya Randolph,Southern Utah
32550,Alex Routsis,Southern Utah
33673,Ana Barbosu,Stanford
32052,Claire Dean,Stanford
33180,Jaimie Dugan,Stanford
33674,Summer Gronski,Stanford
33181,Levi Jung-Ruivivar,Stanford
32552,Temple Landry,Stanford
32053,Taralyn Nguyen,Stanford
32054,Anna Roberts,Stanford
32554,Sienna Robinson,Stanford
33182,Ui Soma,Stanford
32056,Ava Sorrento,Stanford
33183,Alana Walker,Stanford
33677,Jennifer Williams,Stanford
33758,Ella Beck,Temple
32805,Hailey Best,Temple
32804,Mariella Brueck,Temple
32803,Amelia Budd,Temple
33759,Anjali Buradagunta,Temple
32059,Reese DeHaan,Temple
33184,Robyn Dunne,Temple
33760,Tali Flanigan,Temple
33870,Jade Harden,Temple
33186,Nazstazia-Simone Henry-Jubitana,Temple
32381,Kyrstin Johnson,Temple
33190,Nikki Rengifo,Temple
33764,Ava Sutphen,Temple
33765,Brooklyn Thomas,Temple
32555,Megan White,Temple
33679,Juliaunna Baker,Texas Woman's
32562,Bailey Bourgeois,Texas Woman's
32563,Caroline Bowns,Texas Woman's
32066,Brooke Ferrari,Texas Woman's
33193,Kyleigh Ghanbari,Texas Woman's
33194,Amane' Glenn,Texas Woman's
32258,Ruby Goad,Texas Woman's
32565,Sophie Hernandez,Texas Woman's
32566,Sophia Isbell,Texas Woman's
33195,Jordan Loock,Texas Woman's
33196,Maddy Murphy,Texas Woman's
33197,Alaina Reid,Texas Woman's
32567,Sofia Steffan,Texas Woman's
32259,Kami Zarlengo,Texas Woman's
32067,Polina Belanovski,Towson
32068,Carmella Calafati,Towson
33683,Kaitlyn Chancey,Towson
33383,Isabella DeCroo,Towson
33684,Madison Draser,Towson
33199,Emma Duerre,Towson
33900,Cameran Edwards,Towson
32811,Hayden Gough,Towson
32069,Lauren Greene,Towson
32070,Adriana Hoffman,Towson
33685,Jocelyn Lannon,Towson
33686,Natalie Lindgren,Towson
32071,Isabella Minervini,Towson
32573,Brissa Portillo,Towson
33687,Alison Ritch,Towson
32925,Faye Rodio,Towson
33203,Piper Slocum,Towson
33204,Reese Toland,Towson
32072,Celia Trotter,Towson
33206,Cady Chiu,UC Davis
33766,Adia Friesen,UC Davis
33767,Chloe Gann,UC Davis
32175,Milla Gideon,UC Davis
32800,Alana Kim,UC Davis
33207,McKenna Knecht,UC Davis
33208,Avery Marshall,UC Davis
32176,Amelia Moneymaker,UC Davis
31505,Sierra Muns,UC Davis
33871,Molly Osborne,UC Davis
32801,Ayumi Oshiro,UC Davis
32177,Jehaan Poonja,UC Davis
33210,Avah Reichow,UC Davis
32073,Ciena Alipio,UCLA
32074,Madisyn Anyimi,UCLA
32835,Sydney Barros,UCLA
33384,Jordan Chiles,UCLA
33689,Jordis Eichman,UCLA
33290,Riley Jenkins,UCLA
33692,Nola Matthews,UCLA
32578,Katelyn Rosen,UCLA
33693,Ashlee Sullivan,UCLA
33694,Tiana Sumanasekera,UCLA
33292,Mika Webster-Longin,UCLA
33696,Sage Curtis,Utah
32579,Elizabeth Gantner,Utah
32061,Ashley Glynn,Utah
33212,Zoe Johnson,Utah
32082,Sarah Krump,Utah
33213,Avery Neff,Utah
33386,Ana Padurariu,Utah
33214,Clara Raposo,Utah
33697,Abbi Ryssman,Utah
32083,Makenna Smith,Utah
33215,Poppy-Grace Stickler,Utah
33698,Bailey Stroud,Utah
32581,Camie Winger,Utah
32582,Ella Zirbes,Utah
32240,Avery Bibbey,Utah State
33699,Anabelle Dewey,Utah State
31535,Amari Evans,Utah State
33700,Mara Gruber,Utah State
32584,Sydney Jelen,Utah State
33702,Charley Laufer,Utah State
33293,Kaylie Medrano,Utah State
32585,Nyla Morabito,Utah State
33294,Olivia Orengo,Utah State
32241,Marley Peterson,Utah State
32242,Chelsea Southam,Utah State
33703,Alianna Valdez,Utah State
33295,Lundyn VanderToolen,Utah State
32587,Isabella Vater,Utah State
32588,Mya Witte,Utah State
33704,Sienna Yelle,Utah State
32595,Kira Bolden,Washington
33715,Elena Brian,Washington
33716,Evelyn DeYoung,Washington
33717,Haley Fichiera,Washington
32597,Chelsea Hallinan,Washington
32598,Kristin Lin,Washington
32599,Mary McDonough,Washington
32085,Caitlin McWilliams,Washington
31540,Deiah Moody,Washington
31541,Lana Navarro,Washington
32086,Thu Nguyen,Washington
32087,Olivia Oppegard,Washington
33719,Lydia Rak,Washington
33720,Jessica Schaffer,Washington
32089,Lilly Tubbs,Washington
32600,Kaylei Adams,West Virginia
33222,Karleigh DiCello,West Virginia
32602,Jurnee Lane,West Virginia
32603,Amber Lowe,West Virginia
32604,Jayden McDonnell,West Virginia
33723,Haley Mendoza,West Virginia
32092,Carlee Nelson,West Virginia
33724,Auden Pederson,West Virginia
33224,Sophia Rice,West Virginia
33225,Kaelyn Skeel,West Virginia
33226,Emerson Smith,West Virginia
33725,Kayla Smith,West Virginia
33227,Taylor Tuohy,West Virginia
33228,Eden Webster,West Virginia
33914,Isabella Ciolfi,Western Michigan
33229,Kennedy Cooper,Western Michigan
33230,Reilan Garvey,Western Michigan
32793,Brooke Gelesko,Western Michigan
33099,Aliyah Kelly,Western Michigan
32245,Makenna King,Western Michigan
32794,Julie Korfhage,Western Michigan
32796,Hannah Milton,Western Michigan
33771,Casey Mooney,Western Michigan
32449,Kate Parks,Western Michigan
33916,Amy Robins,Western Michigan
33769,Molly Sabin,Western Michigan
32797,Reese Samuelson,Western Michigan
33918,Linda Uro,Western Michigan
33233,Kyler Webster,Western Michigan
